leg,e1,e2,e3,e4,e5,e6,e7,e8,e9,e10,e11,e12,e13,e14,e15,e16,e17,e18,e19,e20,e21,e22,e23,e24,e25,e26,e27,e28,e29,e30,e31,e32,e33,e34,e35,e36,e37,e38,e39,e40,e41,e42,e43,e44,e45,e46,e47,e48,e49,e50
1,3044,3138,3256,3342,3287,3236,3198,3304,3355,3368,3470,3610,3755,3730,3670,3560,3467,3398,3384,3316,3279,3292,3245,3121,3000,2952,2905,2792,2732,2715,2722,2691,2567,2630,2667,2769,2850,2952,3029,3059,3087,3112,3216,3355,3310,3252,3224,3210,3217,3193
2,3193,3087,2988,2869,2954,3109,3109,3017,2991,3085,2933,2920,2909,2949,2931,2731,2736,2835,2953,3113,3213,3268,3348,3273,3107,3015,2844,2846,2902,2930,2953,2962,2908,2850,2814,2752,2715,2647,2635,2589,2561,2652,2631,2623,2641,2714,2695,2666,2706,2784
3,2784,2935,2982,2939,2805,2869,2967,3011,2994,3115,3197,3186,3050,3163,3183,3151,3192,3280,3302,3652,3662,3537,3382,3269,3196,2977,2899,3051,3081,3210,3334,3267,3428,3299,3492,3449,3597,3743,3714,3813,4068,4284,4422,4152,4066,3707,3448,3387,3250,3102
4,3102,3223,3362,3507,3619,3703,3853,3841,3697,3469,3534,3469,3429,3526,3610,3635,3706,3537,3508,3597,3695,3819,3731,3495,3361,3198,3361,3602,3611,3466,3578,3593,3496,3461,3573,3561,3494,3564,3549,3383,3216,3238,3377,3390,3442,3528,3459,3341,3180,3029
5,3029,3120,3212,3312,3368,3330,3420,3553,3467,3389,3441,3441,3438,3434,3426,3316,3412,3569,3522,3419,3440,3465,3554,3627,3631,3653,3882,3917,3925,3998,3799,3543,3332,3040,2973,3242,3484,3750,3971,3962,3735,3505,3316,3148,3317,3454,3611,3689,3857,3839
6,3839,4012,4207,4385,4321,4154,3948,3797,3790,3638,3610,3595,3499,3645,3760,3728,3735,3751,3549,3496,3508,3557,3720,3755,3564,3621,3592,3432,3348,3543,3790,3978,4122,3963,3809,3611,3629,3842,3765,3862,3796,3786,3675,3426,3083,2929,2972,2956,2784,2655
7,2655,2851,2893,3040,3121,3184,3177,2973,2996,3226,3267,3442,3591,3654,3549,3641,3469,3283,3178,3152,3266,3421,3408,3170,3035,3173,3346,3416,3378,3418,3483,3540,3492,3607,3703,3668,3743,3822,4021,4346,4254,4315,4576,4634,4518,4275,4368,4519,4636,4560
8,4559,4569,4560,4567,4678,4612,4530,4504,4498,4608,4699,4831,4814,4657,4509,4416,4379,4486,4599,4717,4790,4898,5013,5133,5300,5405,5367,5323,5217,5120,5145,5061,5006,4886,4751,4623,4515,4508,4528,4527,4512,4436,4367,4299,4335,4434,4551,4682,4681,4576
9,4576,4730,4900,4874,4718,4783,4688,4637,4455,4280,4389,4476,4714,4759,4870,5187,4982,4925,4932,4888,4718,4483,4319,4163,4162,4353,4442,4350,4127,3886,3723,3693,4032,4267,4321,4342,4199,4038,3858,3718,3977,3983,4190,4433,4437,4401,4503,4576,4810,4996
10,4996,4905,4820,4675,4522,4397,4286,4196,4253,4390,4496,4525,4606,4724,4893,5072,5248,5305,5281,5212,5085,5057,5038,5201,5308,5227,5003,4818,4636,4508,4489,4485,4496,4532,4407,4523,4659,4707,4667,4582,4510,4409,4331,4262,4214,4407,4537,4668,4786,4914
11,4914,5007,5142,5109,5010,4949,4936,4972,5005,4935,4813,4661,4512,4393,4203,3937,3922,4036,4141,4235,4393,4563,4467,4307,4165,4128,4078,4073,4068,4079,4166,4001,3745,3526,3504,3404,3230,3140,3016,2826,2674,2677,2567,2419,2269,2093,2045,1929,1788,1724
12,1724,1882,2068,2240,2424,2396,2633,2889,2995,3003,3040,3274,3422,3478,3580,3671,3926,4229,4411,4543,4698,4611,4550,4408,4605,4707,4814,5023,4806,4543,4406,4188,4068,4019,3780,3662,3831,3779,3628,3630,3858,3728,3838,3580,3386,3242,3193,3309,3392,3280
13,3280,3624,3929,3955,3857,3634,3561,3668,3696,3671,3598,3552,3494,3524,3582,3674,3715,3640,3613,3497,3478,3307,3081,3010,3104,2938,3016,3208,3368,3549,3466,3490,3597,3706,3633,3445,3245,3144,2964,2732,2509,2366,2206,1973,1726,1813,1904,1821,1732,1793
14,1793,1853,1830,1774,1703,1718,1671,1697,1745,1777,1802,1828,1864,1923,2050,2123,2241,2343,2443,2557,2643,2688,2790,2900,3000,3092,3200,3239,3322,3393,3479,3538,3626,3617,3630,3629,3586,3617,3751,3894,3818,3725,3689,3768,3816,3830,3794,3734,3785,3739
15,3739,3952,4070,4029,4128,4156,4174,4213,4354,4417,4522,4398,4325,4265,4115,3909,3889,4006,4103,4201,4236,4309,4473,4583,4752,4654,4741,4580,4447,4295,4141,4143,4093,4192,4273,4317,4346,4373,4318,4421,4526,4602,4652,4758,4867,4966,5029,4895,4864,4914
16,4914,4973,5040,5030,5233,5406,5467,5472,5338,5171,4974,5006,4872,4920,5049,5096,4937,4640,4559,4683,4680,4432,4589,4695,4802,4891,4893,4869,4847,4796,4714,4812,4769,4841,5039,5185,4989,4838,4906,5014,4978,4956,5061,5103,5177,5193,5133,5184,5283,5453
17,5453,5556,5530,5408,5341,5424,5443,5509,5557,5480,5545,5508,5628,5733,5787,5789,5802,5865,5871,5931,6037,6104,6210,6237,6243,6401,6569,6525,6569,6625,6557,6386,6433,6407,6318,6295,6173,5972,5965,5805,5714,5671,5788,5924,6000,6066,6170,6176,6040,5959
18,5959,5883,5823,5667,5622,5659,5730,5513,5460,5267,5422,5455,5283,5012,4997,5131,5286,5404,5561,5755,5857,5884,5992,6097,6010,5832,5607,5577,5450,5383,5466,5330,5365,5504,5445,5326,5243,5440,5537,5533,5694,5770,5631,5574,5458,5406,5322,5339,5475,5548
19,5548,5621,5642,5811,5817,5723,5587,5557,5747,5926,5972,5992,5893,5818,5962,6143,6232,6151,5964,5859,5973,5941,6022,6179,6295,6301,6274,6212,6236,6232,6074,6063,6072,5932,5824,5681,5501,5328,5176,5046,5002,4853,4797,4710,4858,4986,5017,5059,4948,4823
20,4823,4525,4252,4463,4709,4843,4858,4909,4922,4643,4482,4297,4029,3790,3511,3329,3081,2882,2875,2803,2520,2277,2047,2069,1906,1660,1404,1453,1725,1740,1852,2128,2278,2531,2813,2824,3082,3337,3527,3746,3967,4084,4242,4183,4107,3884,3635,3446,3179,3004
21,3004,3207,3395,3595,3882,3550,3885,4232,4200,4272,4345,4360,4595,4308,4208,4120,3996,3839,3607,3497,3585,3533,3660,3994,4247,3883,3953,4237,4455,4552,4214,3929,3571,3306,2932,2644,2481,2546,2704,2895,2697,2692,2553,2414,2563,2434,2334,1943,1517,1334
22,1334,1331,1340,1317,1328,1495,1781,1954,2135,2271,2314,2336,2330,2253,2179,2139,2234,2306,2395,2363,2417,2467,2573,2577,2497,2415,2259,2375,2499,2656,2749,2863,3018,3096,3158,3214,3374,3527,3504,3353,3097,2967,3010,3057,3160,3172,3327,3350,3488,3538
23,3538,3643,3291,3496,3275,3036,2977,3091,3221,3064,2845,2461,2320,2479,2575,2416,2436,2535,2735,2971,3182,3169,3144,3188,3300,3431,3526,3694,3944,4271,4381,4480,4653,4607,4526,4384,4362,4414,4484,4428,4502,4533,4513,4371,4213,4205,4288,4327,4219,4150
24,4150,4235,4525,4558,4654,4835,4720,4574,4500,4528,4505,4399,4276,4102,4041,3765,3603,3632,3675,3600,3508,3452,3331,3402,3392,3151,3114,3100,3392,3683,3902,4140,4273,4413,4599,4536,4331,4222,4177,4030,3996,4234,4278,4404,4516,4400,4269,4018,4010,3754
25,3754,3939,3900,3935,4130,4448,4276,4193,4308,4375,4305,4523,4651,4827,5023,5016,5039,5408,5409,5380,5308,5092,4921,4926,5092,4979,4701,4474,4319,4130,3906,4044,4248,4009,3820,3650,3326,3449,3764,3866,3834,3725,3482,3402,3210,3084,3082,2983,3016,3270
26,3270,3299,3267,3300,3294,3175,3083,2930,3110,3287,3230,3225,3052,2801,2567,2386,2196,2057,1845,1711,1836,1848,1826,1889,1987,2066,2200,2374,2577,2971,3079,3187,3289,3317,3355,3282,3234,3148,3298,3499,3572,3536,3417,3546,3752,3782,3914,4135,4330,4439
27,4439,4323,4429,4388,4293,4149,4486,4726,4896,5106,5154,5000,4780,4636,4441,4299,4103,4048,4097,4211,4027,4039,4112,4204,4388,4338,4145,4034,3877,3807,3726,3904,4042,4168,4058,4063,4225,4448,4384,4207,4214,4285,4176,4052,4201,4237,4156,4298,4375,4517
28,4517,4548,4504,4608,4689,4776,4856,4931,4917,4850,4774,4660,4606,4528,4452,4394,4290,4224,4167,4180,4175,4108,4269,4351,4436,4531,4606,4718,4773,4849,4912,4961,5049,5160,5276,5421,5489,5390,5362,5468,5573,5701,5813,5973,6090,6187,6127,6126,6184,6227
29,6227,6075,5908,5761,5617,5577,5744,5777,5640,5803,5841,5865,5719,5500,5396,5226,5114,5150,4963,4802,4780,4800,4738,5017,5113,5201,5302,5314,5146,4970,5074,5397,5569,5340,5278,5075,4962,4841,4743,4577,4404,4226,4036,3809,3590,3478,3372,3164,3043,2893
30,2893,2992,3246,3202,3465,3635,3701,3839,3603,3477,3452,3589,3434,3377,3167,3006,2769,2693,2750,2839,2913,2936,3089,3171,3326,3340,3411,3519,3679,3627,3533,3443,3499,3509,3350,3579,3454,3556,3409,3430,3509,3459,3646,3668,3629,3795,3939,4052,4109,3906
31,3906,3998,4189,4273,4202,3997,3823,3851,3926,4038,3981,3747,3552,3523,3496,3248,3004,2775,2519,2585,2502,2444,2148,2181,2093,2030,2052,2290,2518,2819,2970,3304,3379,3582,3793,3774,3574,3317,3112,2880,2728,2539,2359,2123,2002,1973,1998,1973,2106,2145
32,2145,2051,2022,2158,2462,2350,2451,2705,2999,3130,3232,3446,3362,3610,3568,3529,3630,3419,3544,3686,3605,3703,3982,4086,4017,3983,3951,4115,4086,4212,4136,4049,4133,4016,4109,4076,4063,3875,3804,3626,3633,3659,3529,3581,3659,3746,3894,3987,4162,4143
33,4143,4034,3995,3786,3709,3547,3621,3611,3633,3439,3603,3705,3704,3634,3660,3702,3809,3804,3814,3683,3801,3920,3817,3594,3733,3616,3673,3526,3584,3618,3645,3753,3767,3748,3615,3457,3384,3389,3262,3077,2830,2852,2812,2685,2561,2457,2234,1942,1928,1963
34,1963,1966,1992,2232,2440,2581,2576,2775,2955,2984,2953,2913,2787,2737,2565,2485,2445,2351,2307,2367,2325,2332,2362,2422,2442,2641,2849,3040,3184,3429,3433,3286,3451,3309,3094,3336,3295,3245,3057,2993,2998,3025,2941,2888,2783,2732,2786,2806,2876,3057
35,3057,3177,3344,3471,3483,3465,3419,3406,3419,3260,3253,3281,3378,3445,3472,3541,3663,3784,3986,4102,4255,4420,4576,4741,4851,4915,5102,5066,5026,5067,5079,5212,5168,5181,5088,5016,4954,4806,4743,4640,4553,4516,4588,4692,4793,4889,4900,4965,4985,4936
36,4936,5075,5116,5281,5271,5228,5263,5384,5402,5391,5476,5434,5415,5431,5443,5298,5198,5026,4992,4897,4882,4948,4870,4766,4668,4596,4518,4404,4369,4399,4508,4446,4494,4601,4748,4779,4783,4759,4646,4688,4790,4775,4939,4964,4826,4709,4552,4397,4284,4145
37,4145,4031,3942,3773,3700,3629,3522,3687,3797,3981,4163,4151,4278,4386,4275,4132,4046,3937,3761,3572,3412,3268,3178,3289,3190,3092,3134,3032,3029,3239,3329,3284,3343,3313,3319,3350,3468,3597,3536,3701,3733,3877,3912,3814,3654,3585,3417,3299,3127,3036
38,3036,2914,2774,2588,2699,2722,2502,2713,2665,2703,2840,2993,3117,3259,3208,3285,3416,3336,3377,3421,3464,3429,3336,3251,3090,3069,3164,3246,3309,3242,3427,3305,3456,3628,3716,3797,3822,3772,3637,3856,3779,3732,3933,4098,4122,3983,3817,3586,3430,3206
39,3206,3144,3088,3055,3008,2965,2932,2913,2873,2831,2822,2809,2777,2770,2739,2729,2712,2689,2669,2605,2608,2659,2573,2597,2564,2563,2555,2601,2616,2617,2653,2680,2692,2681,2639,2612,2585,2529,2498,2475,2451,2429,2473,2501,2503,2509,2472,2440,2416,2404
40,2405,2414,2449,2453,2479,2577,2681,2867,2879,2992,2946,2987,2894,3085,3219,3296,3273,3282,3083,2861,2685,2667,2776,2953,3109,3273,3449,3337,3151,3004,2742,2595,2720,2893,2785,2591,2473,2562,2537,2539,2767,2955,3167,3033,3087,2953,2770,2692,2537,2419
41,2419,2674,2849,2990,2734,2472,2299,2414,2538,2374,2466,2593,2851,3189,3422,3731,3807,3982,4109,4237,4307,4353,4221,3934,3713,3481,3687,3746,3857,3884,3955,3972,3992,4006,3928,3902,3860,3965,3994,3975,3963,3923,3885,3549,3346,3361,3100,2833,2656,2444
42,2448,2818,3122,3053,3019,3138,3052,2703,2535,2746,3006,3126,3136,3023,3088,3022,2793,2893,3040,3080,2925,2746,2682,3057,3127,3100,3217,3040,3074,3097,3137,3053,3054,3010,3049,3005,2795,2733,2966,2989,2906,2740,2547,2338,2330,2628,2798,2856,2706,2652
43,2652,2595,2473,2485,2222,2091,2180,2339,2445,2328,2365,2311,2345,2381,2383,2428,2584,2623,2597,2566,2502,2477,2523,2508,2543,2599,2680,2852,3134,3361,3714,3858,3876,3830,3807,3733,3845,3906,3986,3832,3702,3762,3658,3463,3520,3679,3765,3887,3752,3600
44,3600,3620,3659,3700,3609,3491,3512,3475,3467,3419,3389,3333,3384,3391,3350,3218,3201,3179,3199,3267,3362,3434,3455,3438,3463,3507,3545,3626,3630,3639,3686,3729,3773,3713,3699,3668,3648,3582,3441,3254,3147,2997,2848,2784,2687,2635,2491,2296,2174,2020
45,2020,2028,1711,1642,1605,1798,1718,1681,1841,2084,2278,2456,2407,2160,2409,2642,2770,2954,3138,3305,3389,3382,3444,3365,3316,3341,3345,3334,3382,3291,3344,3437,3308,3368,3394,3425,3381,3478,3311,3568,3647,3843,3817,3732,3781,3528,3305,3094,2873,2560
46,2561,2400,2505,2458,2505,2538,2513,2596,2720,3046,3382,3590,3776,3819,3785,3734,3785,3901,3843,3902,3997,4054,4093,4089,4042,3983,3992,3930,4048,3798,3468,3328,3069,2760,2650,2411,2274,2174,2127,2336,2540,2727,2918,3166,3440,3775,3792,3763,3824,3776
47,3776,3769,3738,3711,3692,3656,3583,3545,3484,3373,3291,3231,3138,3045,2962,2879,2818,2789,2802,2820,2857,2819,2786,2743,2690,2643,2604,2546,2531,2497,2491,2469,2476,2484,2406,2376,2395,2396,2348,2261,2287,2308,2274,2236,2232,2218,2165,2109,2102,2127
48,2127,2254,2331,2302,2173,2325,2375,2419,2507,2772,2951,3102,3214,3272,3240,3259,3233,3333,3403,3470,3480,3396,3390,3427,3385,3352,3378,3323,3330,3366,3393,3362,3379,3401,3410,3434,3436,3384,3300,3172,3113,3013,2918,2825,2733,2619,2478,2311,2213,2055
49,2055,1816,1803,1674,1598,1713,1758,2012,2276,2632,2990,3113,3085,2951,2892,2825,2612,2500,2174,1844,1610,1739,2051,2016,2260,2415,2539,2483,2541,2592,2812,3040,2926,2734,2592,2210,2077,1949,2074,1880,1806,1809,2239,2269,2272,2322,2314,2198,2119,1969
50,1969,2091,2093,2075,2107,1984,2066,2120,2151,2298,2265,2291,2432,2521,2662,2815,2931,3073,3180,3142,2930,2718,2629,2517,2447,2359,2317,2360,2404,2401,2358,2304,2403,2423,2255,2293,2296,2389,2550,2608,2782,2919,3003,2949,2844,2776,2595,2492,2339,2183
51,2183,2103,2130,2163,2228,2310,2288,2184,2202,2190,2041,1925,1947,1779,1757,1735,1888,1974,1953,1901,1912,1895,1905,1870,1990,1807,1678,1451,1378,1203,1216,1300,1344,1324,1358,1351,1374,1491,1414,1504,1608,1747,1897,1976,1993,2188,2330,2449,2541,2695
52,2695,2476,2298,2247,2313,2313,2449,2529,2390,2158,1872,1709,1917,1730,1720,1620,1690,1695,1835,1960,2063,2119,2204,2192,2321,2360,2523,2378,2394,2349,2414,2371,2499,2538,2421,2316,2252,2263,2203,2102,2124,2198,2325,2473,2431,2493,2515,2513,2431,2225
53,2225,2393,2592,2640,2549,2456,2418,2327,2202,1979,1933,1849,1862,1884,1925,1781,1661,1616,1450,1327,1106,964,1172,1388,1743,1934,1988,1652,1465,1299,1285,1381,1303,1380,1551,1674,2038,2029,2028,2139,2391,2588,2874,2964,3036,3222,3339,3541,3374,3138
54,3138,3157,3400,3286,3221,3310,3392,3690,3963,4161,4038,3893,3942,3801,3585,3516,3466,3484,3651,3369,3005,2819,2598,2388,2734,3061,2874,2587,2432,2489,2517,2577,2416,2633,2645,2358,1991,1862,1552,1382,1000,833,709,724,759,677,797,806,963,1083
55,1083,1217,1488,1735,2035,2376,2446,2523,2963,2769,2666,2710,2467,2716,2673,2643,2749,2759,3020,3304,3204,2941,2839,2774,2385,2162,2064,2002,2075,1946,2133,1964,1852,1551,1262,1108,1029,1201,1120,1187,1229,1178,1195,1305,1421,1443,1392,1301,1342,1454
56,1454,1563,1681,1998,2134,2461,2832,3230,3512,3881,4052,3776,3514,3760,3986,3920,3880,3664,3701,3771,3713,3623,3283,3512,3627,3730,3671,3802,3897,3747,3562,3614,3715,3787,3875,3680,3566,3726,3608,3530,3823,3846,3586,3636,3633,3344,3508,3357,3696,3940
57,3940,4084,3966,3576,3256,2856,2561,2264,1967,1729,1409,1097,1159,1361,1592,1817,2096,1933,1941,2111,2351,2646,2951,3162,3475,3768,3971,3741,3442,3153,3052,2946,2818,2886,3124,3047,2700,2751,2710,2644,2713,2725,2744,2708,2667,2855,2827,2865,2974,2903
58,2903,3160,3330,3259,3278,3484,3585,3537,3585,3596,3483,3398,3290,3145,3019,2904,2771,2627,2489,2354,2210,2259,2301,2285,2323,2362,2276,2159,2065,1894,1755,1668,1737,1869,1889,1999,2152,2066,2024,2060,2038,1977,1984,1954,1832,1852,1780,1806,1894,2069
59,2069,2188,2257,2293,2397,2451,2504,2520,2596,2665,2624,2679,2712,2632,2530,2737,2804,2861,2848,2860,2738,2547,2673,2791,2862,2888,2844,2927,2993,2886,2785,2592,2371,2375,2381,2267,2099,2099,2171,2359,2445,2350,2230,2276,2363,2482,2554,2573,2701,2630
60,2630,2862,3035,3089,3114,2971,2991,2910,2945,2767,2684,2683,2945,2809,2685,2669,2693,2588,2361,2622,2931,3110,2933,2833,2773,2755,2728,2783,2857,2882,2861,2841,3082,3183,3320,3251,3188,3084,3160,3281,3215,2936,2666,2737,3080,2855,3024,3034,2781,2511
61,2511,2656,2867,2740,2532,2269,2462,2718,2916,2984,2881,2708,2511,2345,2584,2675,2687,2793,3014,3179,3392,3552,3346,3017,2751,2781,2643,2441,2520,2743,2920,3075,3284,3059,2973,2887,3002,3142,3338,3552,3589,3407,3256,3118,3213,3130,3289,3480,3428,3237
62,3237,3292,3449,3590,3452,3413,3419,3248,3209,3248,3245,3429,3625,3781,3741,3689,3577,3490,3477,3397,3327,3256,3278,3289,3296,3321,3317,3358,3449,3629,3649,3602,3639,3550,3408,3244,3135,3105,3061,2996,3102,3179,3358,3459,3531,3685,3648,3629,3495,3364
63,3364,3422,3444,3472,3443,3349,3422,3496,3458,3551,3723,3773,3762,3851,3785,3625,3494,3308,3137,3068,3135,3050,3103,3164,3312,3364,3400,3317,3418,3573,3712,3666,3546,3344,3281,3304,3395,3450,3419,3239,3044,2859,2714,2574,2318,2323,2485,2616,2804,2826
64,2826,2834,3019,2946,2738,2535,2495,2587,2714,2414,2357,2447,2604,2701,2743,2766,2605,2368,2371,2490,2739,2953,2997,3084,3250,3455,3443,3415,3392,3125,3077,2860,2761,2644,2683,2746,2955,3092,3214,3111,3331,3332,3137,3020,2916,2751,2780,2739,2559,2378
65,2378,2409,2401,2472,2541,2680,2764,2830,2910,2889,2821,2730,2612,2520,2480,2524,2531,2563,2532,2533,2519,2498,2484,2457,2445,2364,2340,2237,2189,2142,2081,1952,1809,1711,1606,1504,1450,1386,1199,1192,1150,1269,1364,1448,1345,1229,1174,1099,1008,954
66,954,972,1011,1061,1101,1159,1241,1373,1501,1606,1759,1904,1963,1985,1885,1765,1727,1729,1687,1628,1539,1430,1358,1362,1314,1211,1217,1186,1047,1113,1268,1421,1436,1477,1380,1238,1075,887,826,910,946,1102,1215,1312,1382,1527,1694,1800,1744,1680
67,1680,1920,1846,1943,2113,1938,1993,1978,1709,1484,1706,1835,1783,1791,1666,1560,1350,1117,948,1176,1187,1110,1076,1102,1083,887,899,1224,864,1285,1105,813,1169,1009,1130,1238,800,1178,1025,1247,730,995,862,1197,1156,1032,882,949,1068,1127
68,1127,1326,1169,1265,1525,1554,1540,1594,1645,1647,1463,1477,1622,1623,1660,1662,1476,1395,1403,1419,1495,1493,1473,1461,1445,1404,1481,1432,1272,1242,1166,1075,922,916,909,819,785,908,1016,1134,1128,1116,1024,1130,1079,811,522,321,308,446
69,446,461,271,265,259,253,253,250,250,273,286,260,346,544,648,896,1074,1218,1240,1184,1163,1125,1181,1186,1124,1123,1129,1105,1115,1148,1206,1148,1091,1024,1224,1368,1377,1440,1456,1370,1409,1434,1494,1644,1741,1643,1588,1457,1301,1047
70,1047,1090,1101,1103,1032,1130,1353,1444,1293,1421,1312,1439,1446,1409,1446,1422,1338,1318,1492,1718,1720,1783,1811,1857,1834,1767,1592,1727,1797,1845,1826,1884,1821,1820,1845,1786,1818,1506,1483,1761,1624,1632,1596,1466,1392,1326,1320,1250,1657,1715
71,1715,1780,1894,1884,1879,1526,1336,1465,1556,1455,1366,1288,1223,1131,1380,1656,1507,1285,1292,1401,1322,1380,1467,1514,1513,1312,1157,1062,936,1028,1094,1372,1594,1894,1964,1994,1993,2047,2063,1862,1644,1570,1639,1782,1863,1799,1663,1609,1484,1500
72,1500,1474,1448,1307,1108,942,949,1238,1419,1431,1353,1475,1573,1763,1878,2011,2021,1963,1900,2009,2007,2028,2029,2074,1948,1796,1830,1923,1906,1912,1904,1943,1803,1885,1943,1988,2032,1920,1896,1994,2002,1852,1842,1854,1839,1781,1778,1660,1495,1300
73,1300,1255,1328,1132,1157,1020,859,838,931,1196,1327,1357,1434,1296,1114,1034,1089,853,715,632,743,971,1035,860,686,712,1166,948,1161,1025,1084,955,1043,836,544,533,499,525,543,580,547,525,569,537,489,459,477,503,459,463
74,460,475,427,442,464,408,404,389,383,386,399,409,429,506,546,632,852,1097,1244,939,806,880,805,640,658,596,673,852,815,874,1234,1291,1360,1335,1296,1324,1272,1305,1300,1249,1197,1204,1171,1132,1122,738,513,358,358,351
75,352,371,367,338,509,645,1133,1227,1269,1367,1353,1283,1257,1251,1249,1267,1287,1294,1272,1171,1312,1281,1335,1282,1281,1270,1193,1340,1349,1163,663,659,937,1205,1425,1432,1652,1504,1596,1580,1515,1350,1430,1382,1390,1401,1320,1292,1236,1059
76,1058,905,829,1030,1275,1335,1193,819,641,506,491,534,617,445,588,882,1222,1355,1444,1415,1400,1469,1387,1424,1467,1443,1456,1464,1449,1374,1334,1320,1330,1227,1333,1354,1297,1420,1460,1447,1340,1385,1554,1612,1500,1505,1375,1437,1398,1199
77,1199,1482,1629,1675,1645,1570,1497,1438,1477,1570,1575,1594,1575,1622,1589,1603,1566,1565,1584,1591,1533,1501,1500,1404,1275,1320,1488,1504,1527,1403,1351,1407,1435,1408,1353,1208,702,405,415,852,969,1260,1382,1284,1176,1368,1316,1005,934,854
78,853,1022,1217,1512,1501,1565,1574,1607,1580,1525,1442,1473,1379,1173,941,829,774,618,610,826,1262,1384,1577,1617,1644,1627,1612,1612,1572,1532,1565,1365,1335,1359,1357,1407,1408,1387,1338,1469,1539,1472,1493,1564,1486,1536,1475,1427,1552,1384
79,1384,1509,1555,1366,1339,1392,1580,1594,1614,1571,1552,1519,1454,1424,1389,1010,508,456,788,1360,1451,1478,1453,1421,1434,1388,1415,1251,1265,1346,1408,1490,1540,1547,1577,1573,1551,1578,1589,1556,1558,1594,1552,1543,1549,1457,1486,1420,1529,1459
80,1459,1507,1436,1445,1473,1480,1513,1472,1483,1348,1222,962,1267,1511,1561,1583,1595,1517,1538,1559,1634,1646,1658,1654,1616,1641,1649,1571,1583,1558,1569,1501,1476,1381,1458,1423,1455,1435,1345,1364,1364,1412,1440,1456,1341,1176,778,613,562,501
81,501,452,394,364,341,290,290,290,334,319,314,311,313,308,306,318,333,371,423,489,552,635,683,714,769,787,802,891,972,978,1023,1092,1147,1173,1213,1251,1265,1294,1316,1371,1342,1326,1368,1391,1413,1404,1392,1382,1387,1381
82,1381,1395,1427,1530,1534,1542,1504,1574,1563,1538,1454,1420,1455,1486,1470,1494,1466,1391,1318,1146,1245,1408,1473,1409,1460,1486,1511,1511,1556,1555,1489,1331,1253,1249,1296,1242,1380,1461,1470,1439,1456,1492,1469,1483,1499,1499,1459,1464,1457,1395
83,1395,1462,1450,1472,1475,1368,1455,1459,1507,1539,1545,1549,1567,1550,1515,1422,1330,1464,1410,1413,1481,1355,1388,1408,1352,1212,1320,1354,1394,1428,1386,1298,1365,1378,1331,1353,1179,1057,949,1018,1081,1269,1410,1446,1503,1533,1500,1436,1406,1395
84,1395,1389,1450,1504,1483,1495,1482,1456,1522,1637,1610,1537,1479,1481,1457,1504,1428,1497,1486,1483,1512,1490,1446,1341,1291,1403,1416,1431,1405,1356,1455,1472,1422,1497,1526,1524,1603,1619,1575,1623,1603,1555,1544,1547,1634,1618,1703,1659,1493,1354
85,1354,1346,1359,1162,996,956,1074,906,894,801,754,702,698,683,676,630,808,666,580,608,436,594,475,410,395,397,391,388,428,450,883,962,1162,1099,1188,938,752,819,816,722,411,411,395,483,422,489,467,568,961,1352
86,1352,1249,1174,1110,1044,1213,1167,1126,1193,1220,1176,1155,1077,1117,1222,1141,1182,1132,1160,1196,1137,1183,1197,1155,1123,1174,1158,1163,1089,1087,1238,1349,1353,1402,1363,1420,1299,1224,1190,1156,1299,1303,1259,1270,1166,1211,1192,1230,1278,1250
87,1250,1188,1211,1185,1209,1126,1139,1218,1240,1196,1035,1074,1219,1176,1002,686,793,989,1070,1235,1238,1264,989,918,932,1049,1105,964,1022,786,755,752,857,1043,1189,1056,1054,555,578,859,1145,1015,1031,1089,1265,1058,1136,1103,1221,1353
88,1353,1235,1291,1164,1014,1171,1067,852,964,1119,1112,1167,1144,1065,1136,996,856,783,727,574,514,543,807,1104,707,613,834,866,1156,1261,1263,975,716,250,159,163,0,262,712,716,496,624,799,792,908,871,877,509,436,557
89,557,524,702,798,739,782,909,901,689,775,609,669,643,798,708,456,476,550,586,605,692,571,704,843,970,964,932,979,823,821,802,984,992,935,787,778,810,770,919,929,915,915,944,1083,1073,1050,1136,997,1007,977
90,977,1140,1030,1032,1097,1138,1222,1155,952,993,1019,876,752,632,333,482,738,850,973,990,1061,944,965,944,730,569,821,891,1055,900,874,904,980,977,1076,1132,1197,1172,1215,1232,1328,1295,1303,1211,1216,1231,1194,1086,813,692
91,695,770,727,768,830,1100,1147,1087,543,631,653,451,429,515,644,1047,935,940,898,915,828,805,572,497,466,482,816,812,306,310,429,416,874,1151,1301,1219,1236,1148,968,1023,1269,1101,709,370,833,887,868,725,880,871
92,870,920,992,989,760,567,419,385,391,395,420,424,428,421,384,386,402,399,388,394,393,401,404,392,397,419,414,420,410,409,409,405,417,423,402,425,408,413,429,428,423,415,416,458,565,585,598,709,804,891
93,891,1094,696,879,862,910,1129,988,859,1065,1268,898,911,913,1234,1074,1169,1167,1332,1286,1175,1217,1114,1205,1320,1207,1083,721,553,541,563,577,552,563,552,615,740,897,1218,1341,1367,1295,1220,1104,1013,1017,1064,1171,799,675
94,675,689,688,709,793,867,985,1150,1083,1108,1100,1139,1282,1464,1657,1642,1557,1624,1683,1703,1711,1736,1744,1744,1767,1787,1832,1918,2120,2264,2185,1829,1754,1558,1524,1518,1389,1462,1469,1500,1535,1538,1582,1846,1915,2018,2084,2189,2258,2367
95,2367,2182,1938,2217,2589,2233,2034,1998,1797,1896,1824,1755,1512,1160,827,820,725,722,691,686,684,816,734,683,666,661,673,714,1125,1116,1161,1410,1728,1714,1709,1730,1643,1544,1577,1377,1212,989,989,1337,1524,1655,1584,1816,1687,1858
96,1857,1860,1988,1922,1717,1719,1771,1607,888,947,1317,974,977,1526,1864,1652,1831,1754,1552,1744,1490,1489,1726,1452,1553,1927,2154,2178,1966,1886,1798,2040,2055,1947,1925,1950,1998,1917,1864,1876,1848,1966,1918,2016,1935,1758,1544,1526,1280,1153
97,1153,1137,1138,1157,1157,1169,1174,1183,1184,1258,1365,1490,1626,1696,1721,1751,1845,1884,1926,1921,1963,1902,1908,1968,1930,2033,2043,2076,2023,2023,2102,2204,2116,2059,1974,1963,1904,1813,1796,1780,1819,1803,1616,1452,1300,1188,1111,1004,984,963
98,963,957,958,963,983,984,988,986,1009,1084,1101,1124,1149,1179,1225,1300,1358,1377,1336,1327,1308,1325,1363,1417,1478,1550,1608,1686,1757,1826,1938,2039,2048,2043,2053,2041,2079,2092,2135,2196,2198,2218,2232,2241,2278,2289,2290,2292,2295,2317
99,2317,2367,2454,2537,2757,2917,3072,3251,3238,3216,3157,3178,3183,3142,3052,3092,3130,3187,3387,3482,3244,3095,3068,3038,3031,3091,3077,2918,2784,2878,2949,2732,2496,2330,2301,2413,2446,2304,2081,1874,1689,1472,1277,1068,997,900,757,667,638,632
100,632,642,667,690,739,811,903,958,1018,1074,1162,1220,1288,1309,1330,1411,1499,1551,1642,1754,1826,2008,2088,2105,2098,2132,2180,2235,2211,2240,2240,2245,2276,2278,2315,2329,2262,2196,2118,2158,2206,2135,2096,2091,2107,2114,2122,2117,2131,2182
101,2182,2239,2157,2178,2249,2488,2585,2761,2930,2955,2905,2860,2603,2570,2641,2729,2833,2659,2462,2319,2282,2224,2182,2233,2163,2118,2152,2239,2273,2399,2533,2447,2323,2305,2311,2222,2117,2134,1888,1422,1539,1894,2111,2292,2440,2541,2698,2547,2391,2366
102,2366,2553,2818,2842,3038,3058,3279,3139,2979,2812,2982,3120,3312,3711,3579,3530,3254,3350,3273,3230,3023,2837,3178,3156,3229,3072,3060,2793,2625,2749,3030,2838,2627,2469,2374,2281,2267,2340,2424,2619,2927,3283,3485,3853,3748,3328,2939,2711,2520,2664
103,2664,2634,2633,2645,2580,2535,2512,2503,2498,2448,2371,2313,2344,2321,2297,2271,2285,2270,2282,2221,2245,2276,2307,2305,2323,2348,2341,2296,2284,2277,2234,2180,2126,2174,2245,2258,2275,2286,2321,2377,2432,2343,2216,2274,2248,2152,2070,2043,1925,1838
104,1838,1858,1861,1880,1870,1973,1988,1966,1869,1783,1791,1863,1887,1847,1855,1935,1976,2077,2114,2139,2173,2259,2340,2394,2417,2457,2553,2675,2796,2912,2983,3097,3154,3261,3089,3044,3152,3103,3095,3038,3023,2985,2930,2835,2821,2784,2665,2553,2475,2438
105,2438,2624,2898,3225,3386,3208,3290,3330,3422,3175,2912,2729,2607,2625,2668,2687,2642,2633,2687,2813,2719,2535,2396,2265,2092,1914,1795,1589,1483,1509,1563,1522,1647,1717,1781,1834,1933,1896,1860,1864,1979,2157,2213,2405,2587,2530,2406,2268,2315,2101
106,2101,1745,1419,1347,1252,1400,1662,1994,2184,2131,1810,1723,1681,1830,1682,1644,1563,1522,1280,960,1080,1511,1351,1616,1730,1831,1871,1943,1681,1613,1418,1496,1623,1616,1652,1733,1801,1924,1935,2097,2373,2551,2718,3055,3347,3586,3821,3829,3953,3931
107,3931,3754,3605,3533,3533,3450,3384,3376,3395,3409,3456,3466,3490,3536,3559,3447,3379,3206,3052,2942,2789,2576,2428,2407,2291,2161,2170,2200,2140,1978,1941,2006,2188,2319,2296,2299,2391,2453,2473,2469,2410,2270,2102,1900,1742,1683,1595,1638,1594,1555
108,1555,1665,1621,1573,1514,1336,1296,1468,1746,1980,2281,2544,2406,2358,2361,2517,2575,2592,2598,2533,2314,2081,1892,1781,1617,1427,1693,1833,1924,2133,2190,2220,2183,2077,2193,2418,2459,2354,2112,2203,2354,2583,2624,2398,2243,2332,2449,2366,2298,2236
109,2237,2251,2422,2170,1994,1674,1392,1498,1245,912,1357,1433,1173,938,1266,1341,1033,1092,1578,1565,1670,1451,1836,1979,1660,1640,1398,1549,1394,1209,1182,1096,592,393,481,925,965,1053,1382,1659,1429,1315,1185,1280,1250,1003,606,526,466,470
110,464,533,501,504,630,917,959,1057,1141,1195,973,899,866,983,970,1015,1017,849,1037,1077,1228,1260,1333,1287,1345,1429,1487,1702,1910,2118,2308,2112,2125,2210,2302,2277,2254,1942,1703,1370,1112,975,879,1128,1467,1750,2056,1977,1745,1533
111,1533,1373,1209,908,952,1110,1137,1234,1310,1250,1173,1411,1673,1919,2030,2313,2372,2381,2284,2266,2373,2408,2509,2893,3228,3221,3178,3028,3005,2811,2687,2636,2509,2363,2160,1987,1826,1732,1506,1693,1868,2094,1975,2131,2152,2358,2458,2649,2685,2907
112,2907,2777,2513,2270,2067,1964,1833,1607,1583,1460,1451,1352,1243,1133,989,904,1045,1176,1258,1318,1343,1321,1421,1535,1719,1868,1985,1890,1821,1796,1705,1666,1703,1752,1852,1874,1758,1543,1642,1746,1722,1653,1762,1906,2045,2187,2207,2024,1857,1710
113,1710,1655,1554,1512,1614,1723,1687,1581,1421,1186,1137,1071,1019,1163,1309,1312,1327,1386,1364,1495,1577,1658,1832,2006,2218,2449,2691,2905,3110,3318,3448,3604,3893,4271,4473,4524,4586,4618,4759,4787,4607,4410,4378,4431,4386,4310,4170,4069,3971,3760
114,3760,3316,2887,2363,2030,1918,2059,2463,2635,2744,2615,2696,2842,2895,2906,2961,2957,2939,2753,2860,3068,3116,3272,3439,3348,3257,3308,3237,3056,2876,2782,2613,2692,2588,2437,2519,2645,2852,3023,3262,3471,3775,4092,4354,4242,4045,4088,4274,3955,3764
115,3764,3684,3452,3213,3165,2949,2836,2813,2853,2875,2872,2815,2813,2753,2677,2561,2495,2427,2363,2312,2273,2188,2132,2119,2072,2043,1970,1848,1721,1613,1556,1450,1499,1576,1682,1793,1900,1956,1993,2058,2163,2313,2444,2583,2819,3046,3257,3476,3686,3893
116,3893,4109,4218,4176,4129,4088,4040,4093,4134,4124,4218,4359,4588,4684,4730,4707,4755,4794,4949,5041,4914,4943,4930,4959,5079,5228,5143,5059,5042,4876,4707,4460,4287,4126,4061,3893,3787,3779,3864,3888,3829,3682,3737,3813,3879,4106,4298,4436,4214,3942
117,3942,3573,3507,3596,3544,3469,3406,3487,3604,3752,4319,4804,4614,4562,4577,4549,4504,4393,4530,4423,4307,4181,4186,4164,4087,4043,3853,3817,3755,3454,3062,2776,2504,2505,2483,2488,2479,2460,2474,2489,2513,2545,2569,2622,2642,2704,2781,2806,2848,2891
118,2891,2936,2928,2904,2663,2481,2364,2213,2014,1644,1424,1294,1488,1703,1987,2319,2661,3027,3260,3378,3499,3707,3875,3795,3788,3848,3942,3868,3758,3778,3716,3756,3846,4187,4227,4234,4184,4117,4217,4377,4455,4456,4513,4754,4908,4962,5043,5108,5067,5020
119,5020,5170,5401,5605,5949,6065,5839,5546,5409,5362,5235,4999,5062,5288,5393,5336,5153,5004,5204,5241,5363,5476,5254,5126,4802,5275,5093,4832,4549,4333,3890,3281,2870,2534,2543,2313,2356,2406,2500,2473,2565,2746,2792,2684,2585,2600,2534,2293,2111,2046
120,2046,2045,2090,2485,3087,3607,3964,4006,3817,4233,4231,4380,3914,3316,4015,4435,4836,4597,4679,4044,4114,4355,4259,4454,4614,4578,4496,4160,3719,3573,3357,3176,3280,3766,3979,3994,3664,3690,3371,2781,2268,1959,1801,1566,1352,1273,1149,1022,894,791
121,791,744,813,828,879,1075,1247,1274,1508,1764,1831,1932,2105,2240,2327,2517,2550,2516,2271,2154,2019,2094,2421,2514,2632,2540,2511,2441,2430,2052,1930,2036,2216,2242,2452,2561,2790,2695,2750,2861,2674,2681,2767,2796,2794,2731,2595,2521,2279,2198
122,2198,2254,2299,2416,2589,2594,2533,2468,2403,2298,2432,2565,2574,2561,2645,2791,2944,3127,3310,3332,3375,3356,3405,3464,3515,3558,3583,3563,3439,3372,3329,3289,3205,3214,3203,3096,3064,3036,3024,2867,2935,3033,3069,3084,2998,3081,3074,3143,3216,3217
123,3217,3416,3572,3559,3433,3203,3277,3470,3571,3671,3775,3655,3724,3505,3459,3397,3503,3526,3639,3638,3441,3314,3282,3161,3045,3238,3372,3392,3319,3274,3020,2668,2501,2413,2364,2269,2185,2181,2324,2470,2647,2996,3224,3524,3765,3715,3639,3628,3444,3436
124,3436,3721,3681,3710,4012,4062,3910,3709,3628,3401,3367,3291,3204,2990,2777,2669,2508,2391,2185,1900,1677,1558,1563,1717,1932,2113,2245,2426,2640,2638,2623,2690,2680,2713,2999,3288,3662,3534,3428,3519,3798,3806,3638,3448,3107,2808,2627,2518,2479,2406
125,2406,2538,2764,2830,2715,2577,2540,2575,2449,2317,2237,2174,2081,1984,1974,1869,1711,1535,1430,1380,1450,1499,1659,1796,1936,1996,2058,2144,2237,2270,2101,2205,2308,2367,2407,2559,2659,2727,2838,2863,2872,2837,2865,2964,2802,2654,2549,2652,2636,2664
126,2664,2648,2555,2448,2317,2175,2071,1967,1831,1703,1637,1556,1499,1418,1296,1210,1157,1196,1249,1335,1479,1645,1824,1941,2035,2075,2183,2287,2326,2328,2379,2429,2416,2470,2353,2282,2229,2182,2141,2098,2068,2030,1984,1932,1833,1700,1644,1514,1475,1438
127,1438,2052,2445,2508,2747,2798,2990,3358,3532,3169,3017,2985,3011,3203,3267,3271,3181,3333,3327,3480,3536,3350,3060,3059,3035,2804,2863,2835,2862,2876,2713,2512,2568,2395,1897,1596,1673,1981,2271,2404,2514,2399,2386,2366,2524,2565,2717,2448,2342,2402
128,2402,2432,2422,2674,2783,2805,2841,2866,2987,2911,2815,2668,2677,2671,2625,2524,2488,2534,2444,2497,2410,2285,2197,2296,2370,2396,2360,2312,2221,2220,2160,2206,2085,2085,1953,1811,1628,1718,1862,1902,1958,2022,2023,2082,2112,2150,2385,2515,2644,2667
129,2667,2666,3027,3378,3774,3965,4097,4056,3832,3585,3616,3812,3970,3547,3154,3095,3066,3329,3585,3140,3038,2887,2973,2987,2678,2248,2052,1955,1977,1791,1580,1803,1978,2165,2321,2309,2285,2399,2569,2912,3267,3189,3271,3285,3248,3149,3153,3148,3401,3768
130,3768,3785,3557,3526,3530,3496,3576,3619,3634,3613,3486,3542,3388,3205,2786,2478,2250,2178,2347,2450,2614,2761,3334,3576,3781,4005,3836,3765,4095,4227,4004,3863,3567,3390,3178,2945,2819,2793,2672,2602,2603,2561,2546,2526,2424,2189,2046,1853,1627,1395
131,1395,1410,1392,1339,1288,1293,1280,1266,1277,1285,1248,1291,1309,1294,1291,1329,1338,1315,1331,1366,1404,1436,1518,1693,1766,1864,1983,2076,2168,2293,2337,2350,2469,2590,2691,2775,2865,2944,2990,3156,3300,3366,3350,3269,3323,3308,3268,3180,3163,3164
132,3164,3190,3254,3261,3321,3441,3536,3663,3753,3784,3704,3609,3567,3511,3480,3469,3452,3468,3459,3460,3440,3420,3400,3359,3322,3324,3329,3363,3421,3458,3498,3605,3643,3635,3659,3634,3634,3670,3759,3826,3876,3939,4001,4076,4123,4098,4007,3964,3893,3807
133,3807,3975,3995,3710,3475,3221,2924,2666,2493,2366,2287,2325,2393,2446,2520,2576,2742,2774,3001,3014,2987,3027,2993,2969,2709,2541,2338,2245,2062,1886,1775,1609,1458,1331,1260,1208,1180,1158,1164,1176,1213,1177,1202,1213,1257,1429,1630,1573,1352,1254
134,1254,1323,1547,1684,1717,1874,1970,1764,1572,1392,1371,1339,1336,1334,1326,1350,1413,1452,1503,1406,1262,1291,1253,1275,1299,1284,1269,1250,1279,1310,1344,1345,1364,1331,1253,1248,1201,1224,1201,1246,1302,1380,1420,1487,1504,1413,1323,1300,1258,1224
135,1224,1145,1101,1062,1046,1014,978,910,865,845,816,727,678,660,632,620,549,546,505,527,640,688,737,772,879,910,958,967,1029,1039,908,845,917,923,950,975,991,1037,1080,1152,1240,1260,1267,1304,1375,1416,1456,1455,1412,1385
136,1385,1384,1598,1812,2019,2100,2291,2425,2459,2263,2195,2271,2122,1990,1890,1852,1895,1920,1894,1860,1807,1768,1772,1686,1577,1619,1607,1527,1371,1196,1067,1051,1046,979,974,992,1067,1086,1145,1177,1148,1207,1229,1265,1328,1327,1296,1323,1262,1327
137,1327,1367,1398,1478,1538,1579,1560,1605,1688,1781,1863,1917,1954,1967,2040,2074,2172,2270,2279,2274,2358,2467,2555,2614,2615,2558,2469,2421,2390,2379,2354,2333,2321,2272,2229,2198,2097,2017,1922,1806,1713,1624,1541,1470,1408,1378,1291,1268,1232,1240
138,1240,1254,1300,1324,1256,1262,1269,1217,1223,1198,1173,1142,1144,1134,1139,1128,1071,1040,1006,1021,1001,1036,963,1004,955,898,925,853,865,834,760,730,701,691,679,646,633,620,650,888,996,993,1000,983,921,940,861,883,883,905
139,905,965,1023,1141,1281,1434,1455,1382,1290,1238,1244,1340,1412,1389,1384,1281,1243,1190,1293,1255,1271,1279,1300,1339,1417,1242,1148,1249,1210,1263,1184,1089,1094,1071,1044,1046,1137,1126,1076,1064,1094,1044,1092,1130,1096,1009,1042,978,871,797
140,797,916,961,1070,1107,1116,1022,891,724,621,595,611,669,911,913,1098,1151,1179,1221,1270,1076,1002,964,955,968,976,748,622,633,655,650,660,733,800,999,1151,1441,1839,2018,1998,1975,1956,1997,2127,2325,2612,2594,2514,2529,2482
141,2482,2505,2510,2503,2495,2406,2251,2093,1977,1953,1951,1975,1975,2124,2298,2365,2370,2345,2175,2025,1836,1779,1814,1875,1954,1896,1830,1844,1932,1955,2010,2044,2073,2044,1968,1944,1864,1745,1825,1871,1955,2051,2178,2296,2330,2284,2258,2158,2037,1985
142,1985,2058,2153,2174,1939,1983,1908,1724,1590,1624,1645,1715,1645,1632,1602,1560,1525,1341,1085,823,737,689,663,686,726,754,728,834,906,941,1079,1056,1049,1105,1144,1181,1198,1246,1284,1342,1351,1397,1434,1511,1631,1723,1809,1853,1852,1910
143,1910,1977,2063,2353,2661,2647,2620,2513,2479,2510,2790,3102,3114,2904,2848,2944,3120,3222,3230,3174,3043,2982,3116,3421,3505,3533,3641,3590,3293,3010,2754,2660,2466,2300,2169,2035,1937,1946,1917,1736,1544,1434,1399,1442,1423,1321,1318,1287,1268,1258
144,1258,1254,1363,1612,1672,1661,1613,1597,1542,1725,1983,1841,1624,1473,1297,1235,1240,1228,1220,1187,1154,1094,1044,1024,984,886,870,789,749,753,739,721,668,693,677,653,610,587,582,573,611,601,558,569,541,520,541,540,536,508
145,508,531,549,523,508,512,529,536,597,702,841,820,735,645,585,571,540,537,554,579,544,546,542,549,527,511,507,512,515,523,527,539,550,554,607,620,642,660,632,642,661,689,649,659,663,669,720,670,673,673
146,673,806,657,690,863,922,864,1233,1490,1279,1144,1038,1131,1019,991,956,911,748,681,689,756,794,897,959,997,1025,1045,1054,1065,1049,1081,1070,1085,1074,1077,1095,1198,1086,1068,1119,1095,1085,1068,1183,1069,1142,1069,1162,1351,1503
147,1503,1438,1488,1442,1197,1121,1017,800,782,790,903,828,897,853,805,715,613,594,591,598,600,576,576,598,587,575,579,577,585,596,593,585,653,622,714,722,823,869,921,1044,1086,1050,1067,1114,1163,1141,1076,1058,1067,1081
148,1081,1104,1141,1179,1230,1230,1242,1285,1332,1388,1475,1562,1580,1738,1848,1915,1952,2037,2146,2280,2392,2482,2601,2746,2906,3072,3208,3426,3589,3757,3859,3979,4180,4439,4541,4565,4559,4571,4594,4622,4651,4690,4731,4747,4792,4889,5022,5131,5194,5216
